{"cameraMode":{"drawMode":0,"name":"Shaded","section":"Shading Mode"},"sceneLighting":true,"audioPlay":false,"sceneViewState":{"showFog":true,"showMaterialUpdate":false,"showSkybox":true,"showFlares":true,"showImageEffects":true,"showParticleSystems":true},"in2DMode":false,"pivot":{"x":-65.5124282836914,"y":-138.2356719970703,"z":185.82864379882813},"rotation":{"x":0.3377290666103363,"y":-0.19837655127048493,"z":0.07306559383869171,"w":0.9172199964523315},"size":238.10025024414063,"orthographic":false}